"","method","proposed.assignment","QP.assignment"
"1","log.likelihood",-312.292274172054,-314.89297354858
"2","MAP",-317.892154186029,-320.492853562555
"3","euclidean",94.4633954001732,92.7554663410008
"4","manhattan",369.663210027239,373.989772736974
"5","cosine",0.986416456183215,0.986601934143517
