"","to","sim"
"hdp.1","ID2",0.970944758341597
"hdp.2","ID1",0.969729880870891
"hdp.3","ID8",0.825435906958585
"potential hdp.1","ID1",0.758130887040735
"potential hdp.2","ID1",0.828169011252773
