"","to","sim"
"hdp.1","ID1",0.976739477809321
"hdp.2","ID2",0.943917281706386
"hdp.3","ID5",0.64514160379078
"hdp.4","ID8",0.75983350504837
"hdp.5","ID17",0.368141540866984
"hdp.6","ID3",0.809290463588608
"hdp.7","ID6",0.922135750360631
"hdp.8","ID3",0.654397383854669
"potential hdp.1","ID12",0.801697439507616
