"","to","sim"
"hdp.1","DBS4",0.503472024787915
"hdp.2","DBS2",0.988783876990361
"hdp.3","DBS2",0.773399784868263
"potential hdp.1","DBS4",0.76812688443485
