"","to","sim"
"DBS1","hdp.3",0.0821679628980594
"DBS2","hdp.2",0.988783876990361
"DBS3","hdp.3",0.13569781205834
"DBS4","potential hdp.1",0.76812688443485
"DBS5","hdp.3",0.136311766186945
"DBS6","hdp.1",0.335568713163257
"DBS7","hdp.1",0.371389163685341
"DBS8","hdp.3",0.226177629434001
"DBS9","hdp.3",0.257385868954715
"DBS10","hdp.3",0.0972228771516545
"DBS11","hdp.3",0.168909478230111
