"","method","proposed.assignment","QP.assignment"
"1","log.likelihood",-179.615912851647,-180.318241196655
"2","MAP",-185.215792865623,-185.91812121063
"3","euclidean",27.8842434555786,27.269204698526
"4","manhattan",157.368670645063,155.929674101689
"5","cosine",0.997669447652283,0.997613451315031
